test;0;0
test;0;0
test;0;0
test;179.2100067138672;100
test;0;0
test;0;0
test;0;0
test;179.2100067138672;-100
test;0;0
test;0;0
test;0;0
test;179.2100067138672;100
test;0;0
test;0;0
test;0;0
test;179.2100067138672;-100
test;0;0
test;0;0
